{
	"0x1f7d1970b0e9f229df8d81f1f358f08ee52462fd": 4.607499674319082,
	"0x388e2ac942b8f08d1ce55a5188e0dd3988b3a43c": 0.48910048059620354,
	"0x7bd2b1c17638c44933ffd0d65734136a1b2ed67a": 0.7179412220500286,
	"0x0f4cd6be5aef5857352e1c6d481f4c2c3bc9c4fe": 1.2245014800042702,
	"0x7028c487a6da4a784960730b044926275ed4d802": 0.10012619036230966,
	"0x8630821cd31ff019e7addfe0d21c3f401a436d0f": 0.37083926985282784,
	"0xb24ce065a3a9bbcced4b74b6f4435b852286396d": 0.05268394934850336,
	"0x188c30e9a6527f5f0c3f7fe59b72ac7253c62f28": 0.5446383797946959,
	"0x5d47e871f81f84d3154aec772bcce14973112c69": 0.30380431325132073,
	"0x6496b57cd93c607527b418ef584a6b293b80a718": 2.8937111070187997,
	"0x170ce88506ee01d6aebb6ee267c550df7a6d4320": 1.5305669372982758,
	"0x47945e744d4d1c4770e0e766c9c14619976ecb66": 0.14875010201301148,
	"0x443da3ae577aa0d756b81fd5c484a0592f93a6e8": 0.07124098929249874,
	"0xeb1033916a795e424cbe46868d6c08bfb8a2d2f8": 0.11048045193360632,
	"0x4b3f1dd13a222e824dd19a83dbf618d937069d1b": 0.050520849442220586,
	"0xeb6772188cf10aa563a1cd163f48355d1a949797": 0.12263006388556137,
	"0x80658e3657882cfa73fff0eb20c92aa5e948230c": 0.35164885814355434,
	"0xa0f75491720835b36edc92d06ddc468d201e9b73": 26.53186366674169,
	"0x7d1b68ae2665b99369e39e6bc722c127f24efeb7": 0.12809967407359898,
	"0xb01d0063978e8a6f96dbba91d681fc0c571040e9": 0.26787102313861094,
	"0x7bfee91193d9df2ac0bfe90191d40f23c773c060": 1.6118821971013093,
	"0xb631651cb570ba0c0d696bd5e4860cbd214f20a0": 2.1615139633545426,
	"0xe2d128323cf7560a6e7a82726d7b425aedc7a556": 0.2589115893594898,
	"0xb7d4b6676dd564420f3d64360b9c5bde4961bd02": 0.2236467137483852,
	"0x1dffdb114e58baedbd25290a1efffa9fc3726d1f": 0.19103606436216922,
	"0x7e461d582a6286ec922b5863453d8c19c2aafe8e": 0.023348086000878305,
	"0x276f6e63a60a794866f13fd86c748972f83a2e2f": 0.04064227483097103,
	"0x823b92d6a4b2aed4b15675c7917c9f922ea8adad": 0.5826781030389019,
	"0x8133a5dcba30387e88b8dd3b782797ae00defcc0": 0.026592284896578774,
	"0x6087fe41ce1ca5e2871155cb3f7d85b8784bf9c9": 0.05307968770020768,
	"0x6fe6a38405816bfce41aabfc7d090b1c8ab594c1": 0.08957966548451898,
	"0x6d6339cdf43683c9e299dc4e5525e25e7d533d92": 0.16172500042350058,
	"0x8d00b28a05e8b83ed2e83dcf8c76377e738adb64": 0.02398608967998881,
	"0x67c352fe12704d68c9b44dbffffc9c85e91ac195": 0.09023137997422682,
	"0x79f51ff1584f92b84bea3c84bbb0e0f8f678ab84": 1.265955039284027,
	"0xa4127b892653964ffefc9fab4809eabacc5acc77": 0.08769864061933487,
	"0xb539059e52ac208f815a487ed1d6bd0ab4acc514": 0.062441115499141206,
	"0xc8d720a014e25a5b2c29a65eb706e5c889ea3133": 0.027241407248609465,
	"0xc9e7a40b20e2b10b3619109a74e9e6ef17c31299": 0.1734754510007744,
	"0x0f3fd5d797eecaefb9e21c63038091b7e60fa031": 0.03725839697726036,
	"0x137f6cd07312483b98663e0571982693201eab5b": 0.028867763896757926,
	"0x4271d22292aa37e13cd0c68b8210a7a6af194407": 0.429640447729319,
	"0x91ebfee4f90adb3c64d5f171cd8d1efece9cfad8": 0.5515195725673595,
	"0x24e8bb6a37774d8a0187e196beb29601ed5920bf": 0.051852547156002855,
	"0x34cadf09dbf50a39d1a68b87d7763db3961ef483": 0.2959264617494767,
	"0xcb04f9f5e1ac544dffb0d479b696e7aadb76dbfb": 0.0260296670886739,
	"0x8e2cd48c47fe97c706179c4db8b7a9a10b8e8b38": 0.1136220854002016,
	"0x12d5055a4dcc9987719c9f2cce2d5c173a11403c": 0.020001629600626705,
	"0x7eb9d67f9daea510399a1ee978b36e66626058d3": 0.6320344025345308,
	"0xa9bdadce387700b18a3d5c2a668395bdadc7b76b": 0.11271568684502827,
	"0xbb29f0d47678bbc844f3b87f527abbbab258f051": 2.724228038240746,
	"0xcb0a0535060a1fc5f93795e84bee3e58543eb980": 0.019444678543247055,
	"0xc789026a0f0b15c532c77405491331997f2b2bbc": 0.022701987415201894,
	"0xc0afef712a1341ca78da145b2afad346e8c3574f": 0.04379963216270635,
	"0xabe780bdc3872b4dec16bd44b2bb999f9151ae28": 0.3688659677347296,
	"0x7e1ff06fc9adaca7383560f3d674c6b686aef67e": 0.5525073855369476,
	"0xb696d629cd0a00560151a434f6b4478ad6c228d7": 62.4351232305989,
	"0x3dd546e60456cc06d51687dad722a734b73c0bee": 0.08144183004446987,
	"0xfa8343c666c7b4e617e502c7070a31c52d5a46ec": 0.35502002829738644,
	"0x17e33637f6b64e9082ea499481b6e6ebae7eea23": 0.0310417216643825,
	"0x93c7e0d4f52fdf234618e099acc455f3c13fa65c": 0.40402254877145916,
	"0x527a3ab8f1ff9172fd7d380863c54edec60bd41d": 0.019389278711283577,
	"0x8e9833bb081ea232fd970250ed52af317836c986": 0.2623151389767951,
	"0x08e5e4df2f56be734ead5c80a3b2377616210a62": 0.16066176919484557,
	"0x1f8dec5061b0d9bf17e5828f249142b39dab84b4": 0.0895600796353237,
	"0xa9c6e2cef1c161ad81f009463d3d760ec34d1286": 0.4554744002269456,
	"0x48fe56b756ef2717d1db4050ef648ad4b72f55b9": 4.219338929321919,
	"0x48b72465fed54964a9a0bb2fb95dbc89571604ec": 0.2881651762471755,
	"0x3a3889f816921913b2503454d9bc924e1c744a49": 0.0626010868046968,
	"0x0f87dd03a74e6a48d56661d96f44880c79b9d795": 0.11884355270313618,
	"0xc910c7c425bbad5e733eb7a8ad4b9c4848321131": 0.02209810221838225,
	"0xdbb70fbedd2661ef3b6bdf0c105e62fd1c61da7c": 1.0063202882079272,
	"0x07ea5535b50e1b30fb5e6eadc16baff71f4a0191": 0.025364567324341614,
	"0xeaa0d991a7669d2a20afed9d842f8f4d2da35eea": 0.053330090885837574,
	"0xe9de27fdb18c9d70a95b955a594a597383008d3b": 0.0386199121229447,
	"0x8a2ff4f48a2aef354d96339946b03fd740293bce": 0.03917785074169297,
	"0xbb5ad3dee7ae5d840f025a7fdec61857088f8bc1": 0.2854949577637216,
	"0x874753a791b969eca00128ec231c1b7abf17666b": 4.792468334481375,
	"0x23b4483b7c551efa8955c7e35f8a5e38c6f1fe4a": 0.019706414511611918,
	"0x0226c05fbb787a805154cf7e052104fa86e13f46": 0.463304624604012,
	"0x1a70e159e5617cdc78c276c969ac68139d28db68": 0.39375818806716806,
	"0xc344f940332d3aa76e4f20d7352aaf086480111f": 0.07322441971567681,
	"0xc58b20c01c1f24e72ee2c36a773ef48e774ea595": 0.1906709262746928,
	"0x20e96532d2ed197e712e1173ffb53c23f522742b": 0.046926067798357125,
	"0x5cb322e1596daff9bcce29986e708966265fdc7d": 0.17324568730678103,
	"0x3731696c9b5098beacf8dd03ac00c30bba979806": 0.0927944825010205,
	"0xb92667e34cb6753449adf464f18ce1833caf26e0": 0.027174276712050662,
	"0x4d4f640b8fccfd00653f278f1e4c8671dc830eb1": 0.266945696421501,
	"0x06864f65c07c3468724d7c770bba695e818f8d71": 0.019517829024630364,
	"0xecb6a3e0e99700b32bb03ba14727d99fe8e538cf": 1.5765159462210538,
	"0x4a18dd6f743b7770558a2501c5ca7f901d081884": 0.06709304770339349,
	"0x1925e832c22522e0d9947ee4677120b2f28e4cd4": 0.028037615477913818,
	"0x7ed6cb6a49d1d8fc926b28be03d99d2db8c4ea91": 0.1277909236166322,
	"0xac59f71c383de1ef94802676f72f1bae3d7d3029": 0.2600445615721598,
	"0x1cb4831b6df1d9cb07279b93a0e101db9b2295d0": 0.050891252797235956,
	"0xcbdc76e52895b5de79c315b8ab3f0a7a5ac04ab3": 0.33937019513084776,
	"0xd6f437d7a5bffb6d5949a683c4b1c9808f83f4c9": 0.052336063774701916,
	"0x72bf0778874fc88f3e95adaecdd983b2be665476": 0.06306475428694334,
	"0x337b62c9266e1dd1dffd8d5f266488ca28bde971": 0.15827123402317883,
	"0x7c363e4650ca88e4676f1ce2ac6f2dd50c102198": 0.3067452718585651,
	"0xbaa84e6a9e66fa0846931c6bf79e8c2763b50b9d": 0.05725204286407171,
	"0xcac59f91e4536bc0e79ab816a5cd54e89f10433c": 0.29714440009447995,
	"0x26b11a2497381ef5e28bcfcf881185791ba11a5d": 0.0431678960876047,
	"0x6138c18f78042cd75ba69e9cfc5c07a346d473d9": 0.0872233617175796,
	"0x1a207beefc754735871ceeb4c506686f044b1c41": 0.08499483439182635,
	"0xb6647cae065c321e75775b50a25fd54e9ac5c436": 0.23097409092279036,
	"0x1f688158ff0123940beda8b259d704af6eef82f2": 0.10456800324849413,
	"0x020b2f1fe869302375a3762c6d510139328c1889": 48.39393823100204,
	"0x1f3e2ab8fe0c6e1f47acdcaa0b3b9db4044f7909": 0.024606744495670112,
	"0x93d97177b554137c3fce0c468ed64812b31ba883": 0.026661891854615347,
	"0x98e62f127b8ba4a43aa76cb9a868b12e99cad013": 0.705248492826414,
	"0x90d7e6638e48bb247fa471ae4a648414f7ae74ee": 0.29788243709490525,
	"0x915c4580dffd112db25a6cf06c76cdd9009637b7": 0.021017507575339735,
	"0x314364604fd90583e8c533c70aa89d030d85a158": 0.09623651756978135,
	"0x2e44eabb2901fefa4600994bca2b80cd83cf3178": 0.03565936755569085,
	"0x0269ae21dbae267fb041ee16ba8500dd0fde2f2d": 0.07863960263109471,
	"0x8f11a1f0c189347fb0479f84e8cd8b7dfbd52c7d": 0.024830250267407452,
	"0xcfaba3994c45aa03e479000300801ae35b39c388": 0.6101269032092226,