{
	"0x1f7d1970b0e9f229df8d81f1f358f08ee52462fd": 4.607499674319082,
	"0x388e2ac942b8f08d1ce55a5188e0dd3988b3a43c": 0.48910048059620354,
	"0x7bd2b1c17638c44933ffd0d65734136a1b2ed67a": 0.7179412220500286,
	"0x0f4cd6be5aef5857352e1c6d481f4c2c3bc9c4fe": 1.2245014800042702,
	"0x7028c487a6da4a784960730b044926275ed4d802": 0.10012619036230966,
	"0x8630821cd31ff019e7addfe0d21c3f401a436d0f": 0.37083926985282784,
	"0x188c30e9a6527f5f0c3f7fe59b72ac7253c62f28": 0.5446383797946959,
	"0x5d47e871f81f84d3154aec772bcce14973112c69": 0.30380431325132073,
	"0x6496b57cd93c607527b418ef584a6b293b80a718": 2.8937111070187997,
	"0x170ce88506ee01d6aebb6ee267c550df7a6d4320": 1.5305669372982758,
	"0x47945e744d4d1c4770e0e766c9c14619976ecb66": 0.14875010201301148,
	"0x443da3ae577aa0d756b81fd5c484a0592f93a6e8": 0.07124098929249874,
	"0xeb1033916a795e424cbe46868d6c08bfb8a2d2f8": 0.11048045193360632,
	"0xeb6772188cf10aa563a1cd163f48355d1a949797": 0.12263006388556137,
	"0x80658e3657882cfa73fff0eb20c92aa5e948230c": 0.35164885814355434,
	"0xa0f75491720835b36edc92d06ddc468d201e9b73": 26.53186366674169,
	"0x7d1b68ae2665b99369e39e6bc722c127f24efeb7": 0.12809967407359898,
	"0xb01d0063978e8a6f96dbba91d681fc0c571040e9": 0.26787102313861094,
	"0x7bfee91193d9df2ac0bfe90191d40f23c773c060": 1.6118821971013093,
	"0xb631651cb570ba0c0d696bd5e4860cbd214f20a0": 2.1615139633545426,
	"0xe2d128323cf7560a6e7a82726d7b425aedc7a556": 0.2589115893594898,
	"0xb7d4b6676dd564420f3d64360b9c5bde4961bd02": 0.2236467137483852,
	"0x1dffdb114e58baedbd25290a1efffa9fc3726d1f": 0.19103606436216922,
	"0x823b92d6a4b2aed4b15675c7917c9f922ea8adad": 0.5826781030389019,
	"0x6fe6a38405816bfce41aabfc7d090b1c8ab594c1": 0.08957966548451898,
	"0x6d6339cdf43683c9e299dc4e5525e25e7d533d92": 0.16172500042350058,
	"0x67c352fe12704d68c9b44dbffffc9c85e91ac195": 0.09023137997422682,
	"0x79f51ff1584f92b84bea3c84bbb0e0f8f678ab84": 1.265955039284027,
	"0xa4127b892653964ffefc9fab4809eabacc5acc77": 0.08769864061933487,
	"0xc9e7a40b20e2b10b3619109a74e9e6ef17c31299": 0.1734754510007744,
	"0x4271d22292aa37e13cd0c68b8210a7a6af194407": 0.429640447729319,
	"0x91ebfee4f90adb3c64d5f171cd8d1efece9cfad8": 0.5515195725673595,
	"0x34cadf09dbf50a39d1a68b87d7763db3961ef483": 0.2959264617494767,
	"0x8e2cd48c47fe97c706179c4db8b7a9a10b8e8b38": 0.1136220854002016,
	"0x7eb9d67f9daea510399a1ee978b36e66626058d3": 0.6320344025345308,
	"0xa9bdadce387700b18a3d5c2a668395bdadc7b76b": 0.11271568684502827,
	"0xbb29f0d47678bbc844f3b87f527abbbab258f051": 2.724228038240746,
	"0xabe780bdc3872b4dec16bd44b2bb999f9151ae28": 0.3688659677347296,
	"0x7e1ff06fc9adaca7383560f3d674c6b686aef67e": 0.5525073855369476,
	"0xb696d629cd0a00560151a434f6b4478ad6c228d7": 62.4351232305989,
	"0x3dd546e60456cc06d51687dad722a734b73c0bee": 0.08144183004446987,
	"0xfa8343c666c7b4e617e502c7070a31c52d5a46ec": 0.35502002829738644,
	"0x93c7e0d4f52fdf234618e099acc455f3c13fa65c": 0.40402254877145916,
	"0x8e9833bb081ea232fd970250ed52af317836c986": 0.2623151389767951,
	"0x08e5e4df2f56be734ead5c80a3b2377616210a62": 0.16066176919484557,
	"0x1f8dec5061b0d9bf17e5828f249142b39dab84b4": 0.0895600796353237,
	"0xa9c6e2cef1c161ad81f009463d3d760ec34d1286": 0.4554744002269456,
	"0x48fe56b756ef2717d1db4050ef648ad4b72f55b9": 4.219338929321919,
	"0x48b72465fed54964a9a0bb2fb95dbc89571604ec": 0.2881651762471755,
	"0x0f87dd03a74e6a48d56661d96f44880c79b9d795": 0.11884355270313618,
	"0xdbb70fbedd2661ef3b6bdf0c105e62fd1c61da7c": 1.0063202882079272,
	"0xbb5ad3dee7ae5d840f025a7fdec61857088f8bc1": 0.2854949577637216,
	"0x874753a791b969eca00128ec231c1b7abf17666b": 4.792468334481375,
	"0x0226c05fbb787a805154cf7e052104fa86e13f46": 0.463304624604012,
	"0x1a70e159e5617cdc78c276c969ac68139d28db68": 0.39375818806716806,
	"0xc344f940332d3aa76e4f20d7352aaf086480111f": 0.07322441971567681,
	"0xc58b20c01c1f24e72ee2c36a773ef48e774ea595": 0.1906709262746928,
	"0x5cb322e1596daff9bcce29986e708966265fdc7d": 0.17324568730678103,
	"0x3731696c9b5098beacf8dd03ac00c30bba979806": 0.0927944825010205,
	"0x4d4f640b8fccfd00653f278f1e4c8671dc830eb1": 0.266945696421501,
	"0xecb6a3e0e99700b32bb03ba14727d99fe8e538cf": 1.5765159462210538,
	"0x7ed6cb6a49d1d8fc926b28be03d99d2db8c4ea91": 0.1277909236166322,
	"0xac59f71c383de1ef94802676f72f1bae3d7d3029": 0.2600445615721598,
	"0xcbdc76e52895b5de79c315b8ab3f0a7a5ac04ab3": 0.33937019513084776,
	"0x337b62c9266e1dd1dffd8d5f266488ca28bde971": 0.15827123402317883,
	"0x7c363e4650ca88e4676f1ce2ac6f2dd50c102198": 0.3067452718585651,
	"0xcac59f91e4536bc0e79ab816a5cd54e89f10433c": 0.29714440009447995,
	"0x6138c18f78042cd75ba69e9cfc5c07a346d473d9": 0.0872233617175796,
	"0x1a207beefc754735871ceeb4c506686f044b1c41": 0.08499483439182635,
	"0xb6647cae065c321e75775b50a25fd54e9ac5c436": 0.23097409092279036,
	"0x1f688158ff0123940beda8b259d704af6eef82f2": 0.10456800324849413,
	"0x020b2f1fe869302375a3762c6d510139328c1889": 48.39393823100204,
	"0x98e62f127b8ba4a43aa76cb9a868b12e99cad013": 0.705248492826414,
	"0x90d7e6638e48bb247fa471ae4a648414f7ae74ee": 0.29788243709490525,
	"0x314364604fd90583e8c533c70aa89d030d85a158": 0.09623651756978135,
	"0x0269ae21dbae267fb041ee16ba8500dd0fde2f2d": 0.07863960263109471,
	"0xcfaba3994c45aa03e479000300801ae35b39c388": 0.6101269032092226,
	"0x07379370e6900e539e5789bdd79dbf74253c290f": 0.14660301339049744,
	"0x53de8e90e24e8f6c4dee06939e4edfc8a073863a": 0.22599603205526367,
	"0x61f8c091757879af0e6b46f71672ca6d9fa28abc": 0.1286208757425539,
	"0x7ad7100117ee2554605f500007bada9d936a6052": 0.17373348180707443,
	"0xfb5f4e0656ebff31743e674d324554fd185e1c4b": 2.680536272576602,
	"0x4d03aea34ffefd6af6cc154b3f03501ae083fb92": 0.27517972569157434,
	"0x935d2fd458fdf41b6f7b62471f593797866a3ce6": 0.09723307152935336,
	"0x4e65175f05b4140a0747c29cce997cd4bb7190d4": 0.6318375177001336,
	"0xe2e8fee9ac2af4352a0e424650b77da25c36bf80": 0.13312754291610018,
	"0x962699db05a9334c5cd1f9c2867d5160c8e37742": 0.3625732050406489,
	"0xf2e563f6fbf25cf23dbe57d25287e10339ad3b6f": 0.1433757743309906,
	"0x6c0cf880cb20eefabfb09341fba9e2bd29ad3dfa": 0.2331980904619588,
	"0x479c4a69b481449c4b92694eb32758cfc920735a": 0.08603521677725016,
	"0x42f9134e9d3bf7eee1f8a5ac2a4328b059e7468c": 1.8781529657045393,
	"0x595f16d20959880bfede2c95adb86762f5d155da": 0.19808595685765779,
	"0x25cfb2ac8849a2e8dc7bbece7bfad99dfee15519": 0.07689448296542398,
	"0xec80b5494e873fd9a7c7bf2368d743b38eb0b9ea": 0.2280364681451289,
	"0xbb70a5a194c3346be51f3fa1853605042e091769": 0.11246270378802099,
	"0xcb16f82e5949975f9cf229c91c3a6d43e3b32a9e": 0.6139599408008566
}
