{
	"0x461783a831e6db52d68ba2f3194f6fd1e0087e04": 0.028754202919591212,
	"0x4d03ef005e5f559fc9294a8e1cebba09284b1f82": 0.018754202919591212,
	"0xfE5866A9b399650A3F2488dD5481BE1eC0E16ecc": 0.038754202919591212,
	"0xe966C59c15566A994391F6226fee5bc0eF70F87A": 0.01,
	"0x9dB26e239F550C972573f64c3131399cC3E11eB7": 0.01,
	"0x8c42138C925d1049EC6B29F1EcF817b1628e54Ba": 0.01,
	"0xb8D08D9537FC8E5624c298302137c5b5ce2F301D": 0.01,
	"0x9f8e4ee788D9b00A3409584E18034aA7B736C396": 0.01,
	"0x201A00ca946D9a312902Ceee012432a094503084": 0.01,
	"0xD88cD37f2EE22a07870B6385d3041F95C1575D3C": 0.01,
	"0xB27E08908D6Ecbe7F9555b9e048871532bE89302": 0.01,
	"0x29be14bc47a3b2219a11ee54c3d33aef69fdbba9": 0.01,
	"0x169379d950ceffa34f5d92e33e40B7F3787F0f71": 0.01,
	"0xeBaCC96EA6449DB03732e11f807188e4E57CCa97": 0.01,
	"0xFe0eBCACFcca78E2dab89210b70B6755Fe209419": 0.01,
	"0xc6f4177dfc0509152896bf35cb547cae9834e964": 0.01,
	"0xE460C8Fd3d455271819bdf5cf4D56CbBd0996e9D": 0.01,
	"0x764a6Bad9F35c62c8bB6f9e1718d156D23cb19Da": 0.01
}
