{
	"0x461783a831e6db52d68ba2f3194f6fd1e0087e04": 0.028754202919591212,
	"0x4d03ef005e5f559fc9294a8e1cebba09284b1f82": 0.018754202919591212
}
