{
	"0x461783a831e6db52d68ba2f3194f6fd1e0087e04": 0.028754202919591212,
	"0x9f8e4ee788D9b00A3409584E18034aA7B736C396": 0.005490584370417397
}
