{
	"0x461783a831e6db52d68ba2f3194f6fd1e0087e04": 0.028754202919591212,
	"0x4D03eF005e5f559fc9294a8E1CeBbA09284B1F82": 0.018754202919591212
}
